<?xml version="1.0" encoding="utf-8"?>
<Deployment xmlns="http://schemas.microsoft.com/windowsphone/2012/deployment" AppPlatformVersion="8.0">
  <DefaultLanguage xmlns="" code="th-TH" />
  <App xmlns="" ProductID="{28d3b015-cc44-4e12-85a7-bd2db317771f}" Title="LDog" RuntimeType="Silverlight" Version="1.0.0.0" Genre="apps.normal" Author="" Description="ยินดีตอนรับเข้าสู่ LDog จ้า" Publisher="" PublisherID="{e7d94c95-4681-45a0-a8b4-5df4e482fb9e}">
    <IconPath IsRelative="true" IsResource="false">Images\Item-46655a22-e9de-4ba1-8c70-bb036184cb54.png</IconPath>
    <Capabilities>
      <Capability Name="ID_CAP_NETWORKING"/>
      <Capability Name="ID_CAP_SENSORS"/>
      <Capability Name="ID_CAP_WEBBROWSERCOMPONENT"/>
      <Capability Name="ID_CAP_SPEECH_RECOGNITION" />
      <Capability Name="ID_CAP_PHONEDIALER" />
      <Capability Name="ID_CAP_LOCATION" />
      <Capability Name="ID_CAP_PROXIMITY" />
      <Capability Name="ID_CAP_IDENTITY_USER" />
      <Capability Name="ID_CAP_MAP" />
    </Capabilities>
    <Tasks>
      <DefaultTask Name="_default" NavigationPage="View/DogbreedsLetterA_List.xaml" ActivationPolicy="Resume"/>
    </Tasks>
    <Tokens>
      <PrimaryToken TokenID="MyDoWapp" TaskName="_default">
		<TemplateCycle>
          <SmallImageURI IsRelative="true" IsResource="false">Images/Item-46655a22-e9de-4ba1-8c70-bb036184cb54.png</SmallImageURI>
		  <Title>LDog</Title>
          <Photo01ImageURI IsRelative="true" IsResource="false">Images/Item-a0539cd8-1bd3-40b4-919f-da8fc1d19029.JPG</Photo01ImageURI>
          <Photo02ImageURI IsRelative="true" IsResource="false">Images/Item-da6d239b-5833-4b9f-82d8-37ae8af6dafc.jpg</Photo02ImageURI>
          <Photo03ImageURI IsRelative="true" IsResource="false">Images/Item-7e6c3313-f07e-43de-8a54-8a595e168a09.jpg</Photo03ImageURI>
          <Count>0</Count>
          <HasLarge>True</HasLarge>
		  <DeviceLockImageURI IsRelative="true" IsResource="false"></DeviceLockImageURI>
        </TemplateCycle>
      </PrimaryToken>
    </Tokens>
    <Extensions>
      <Extension ExtensionName="LockScreen_Notification_IconCount" ConsumerID="{111DFF24-AA15-4A96-8006-2BFF8122084F}" TaskID="_default" />
      <Extension ExtensionName="LockScreen_Notification_TextField" ConsumerID="{111DFF24-AA15-4A96-8006-2BFF8122084F}" TaskID="_default" />
      <Extension ExtensionName="LockScreen_Background" ConsumerID="{111DFF24-AA15-4A96-8006-2BFF8122084F}" TaskID="_default" />
    </Extensions>
    <ScreenResolutions>
      <ScreenResolution Name="ID_RESOLUTION_WVGA" />
      <ScreenResolution Name="ID_RESOLUTION_WXGA" />
      <ScreenResolution Name="ID_RESOLUTION_HD720P" />
    </ScreenResolutions>
  </App>
</Deployment>
